"","lon_grid","lat_grid","ano","mes","xco2_mean","uncertanty_mean","xco2_sd","nobs","xco2_se"
"1",-72.75,-7.75,2015,2,396.116363525391,0.513042509555817,0,2,0
"2",-72.5,-9,2015,2,396.702819824219,0.587424993515015,NA,1,NA
"3",-70.25,-11,2016,2,401.44775390625,0.518268850445747,0,10,0
"4",-69,-10.75,2016,2,397.193450927734,0.565450634275164,0,7,0
"5",-69,-10.5,2016,2,400.044982910156,0.557256020605564,0,20,0
"6",-67.25,-4.5,2015,2,399.325408935547,0.772002577781677,NA,1,NA
"7",-65.75,-3.5,2015,2,398.676116943359,0.592349946498871,0,2,0
"8",-65.25,-6.5,2015,2,399.309844970703,0.559146046638489,NA,1,NA
"9",-65,-7.75,2015,2,398.775512695312,0.595479557911555,0,12,0
"10",-65,-7.5,2015,2,398.782379150391,0.599016881906069,0,13,0
"11",-65,-7.25,2015,2,398.71435546875,0.564893454313278,0,2,0
"12",-65,-7.25,2016,2,400.417144775391,0.562090337276459,NA,1,NA
"13",-64.75,-9.25,2016,2,400.5556640625,0.399922519922256,0,2,0
"14",-64.5,-10.25,2015,2,399.117645263672,0.579763859510422,0,4,0
"15",-64.5,-3,2015,2,398.338195800781,0.505496144294739,NA,1,NA
"16",-64.25,-10.75,2015,2,399.259704589844,0.60660457611084,0,3,0
"17",-64.25,-10.5,2015,2,398.879547119141,0.63075178861618,0,3,0
"18",-64,-12.25,2015,2,400.459899902344,0.557440507411957,0,5,0
"19",-64,-12,2015,2,400.313262939453,0.563567578792572,0,2,0
"20",-64,1.75,2015,2,400.356658935547,0.565109590689341,0,3,0
"21",-62.5,-5.25,2016,2,405.349426269531,0.666830763220787,0,4,0
"22",-62.5,-5,2016,2,404.879150390625,0.479163199663162,NA,1,NA
"23",-62.25,-6.25,2016,2,397.973297119141,0.641546905040741,NA,1,NA
"24",-62.25,-6,2016,2,399.004913330078,0.639275252819061,0,9,0
"25",-62,-7,2016,2,399.416564941406,0.649021446704865,0,4,0
"26",-62,-6,2016,2,400.002288818359,0.686014533042908,NA,1,NA
"27",-61.75,-7.75,2016,2,397.963775634766,0.657500624656677,0,2,0
"28",-61.25,3.5,2015,2,398.974914550781,0.57445228099823,NA,1,NA
"29",-61.25,3.75,2015,2,396.705017089844,0.555978149175644,0,6,0
"30",-61,2.75,2015,2,396.517578125,0.55932629108429,0,3,0
"31",-61,3,2015,2,396.521270751953,0.645532056689262,0,4,0
"32",-60.5,-0.25,2015,2,396.724273681641,0.398484726746877,0,3,0
"33",-60.5,0.25,2016,2,401.820465087891,0.636421144008636,NA,1,NA
"34",-60.5,0.5,2016,2,402.346710205078,0.75443172454834,NA,1,NA
"35",-60.5,1,2016,2,400.858642578125,0.591099917888641,0,3,0
"36",-60.25,-15.25,2016,2,403.502014160156,0.581942409276962,0,2,0
"37",-60.25,-1,2015,2,397.470581054688,0.444261068105698,0,5,0
"38",-60.25,-0.75,2015,2,396.757781982422,0.402514714002609,0,5,0
"39",-60.25,-0.5,2016,2,402.014221191406,0.605227887630463,NA,1,NA
"40",-60.25,-0.25,2015,2,396.794128417969,0.402472938100497,0,6,0
"41",-60,-16.25,2016,2,400.963226318359,0.54428608417511,0,5,0
"42",-60,-1.75,2016,2,404.257843017578,0.60256761099611,0,14,0
"43",-60,-1.5,2016,2,401.380706787109,0.515716999769211,0,2,0
"44",-60,-1.25,2016,2,401.937072753906,0.565737704435984,0,3,0
"45",-60,4.25,2015,2,395.884094238281,0.545103043317795,0,4,0
"46",-59.75,-3.25,2015,2,396.354248046875,0.57084733247757,NA,1,NA
"47",-59.5,-4.25,2015,2,396.527435302734,0.467718958854675,NA,1,NA
"48",-59.25,-12.25,2016,2,398.259307861328,0.649679124355316,NA,1,NA
"49",-59,-13,2016,2,397.296997070312,0.479400793711344,0,3,0
"50",-59,1.25,2016,2,398.145965576172,0.587668031454086,0,4,0
"51",-58.75,-16,2015,2,396.733673095703,0.466884791851044,0,5,0
"52",-58.75,-15.75,2015,2,396.728057861328,0.642173886299133,NA,1,NA
"53",-58.5,-9,2015,2,396.509979248047,0.484396308660507,NA,1,NA
"54",-58.5,-8.75,2015,2,396.395324707031,0.553661465644836,NA,1,NA
"55",-58.5,-1.75,2016,2,399.852630615234,0.604609489440918,NA,1,NA
"56",-58.25,-3.75,2016,2,399.386322021484,0.661047428846359,0,2,0
"57",-58.25,-3.5,2016,2,399.860900878906,0.606315076351166,0,6,0
"58",-58.25,-3.25,2016,2,401.152557373047,0.58229583978653,0,25,0
"59",-58.25,-3,2016,2,399.758209228516,0.484728418290615,0,24,0
"60",-58.25,-2.75,2016,2,399.916320800781,0.487807765603065,0,4,0
"61",-58.25,-2.5,2016,2,398.590667724609,0.567906439304352,NA,1,NA
"62",-58.25,-2.25,2016,2,399.562255859375,0.58478257060051,0,10,0
"63",-58,-11.25,2015,2,395.414947509766,0.526797637343407,0,4,0
"64",-58,-11.25,2016,2,399.772338867188,0.473027726014455,0,3,0
"65",-58,-11,2015,2,395.788787841797,0.512884148529598,0,7,0
"66",-58,-4.75,2016,2,401.148010253906,0.566358017921448,0,5,0
"67",-58,-4.5,2016,2,399.843017578125,0.574690103530884,NA,1,NA
"68",-58,-4.25,2016,2,399.778717041016,0.599507624452764,0,11,0
"69",-58,-3.75,2016,2,400.438659667969,0.541482696930567,0,6,0
"70",-57.75,-19.75,2015,2,395.885498046875,0.503417551517487,NA,1,NA
"71",-57.75,-19.5,2015,2,396.825988769531,0.468640242304121,0,7,0
"72",-57.75,-19.25,2015,2,395.268493652344,0.471910357475281,NA,1,NA
"73",-57.75,-13,2015,2,395.946533203125,0.498405933380127,NA,1,NA
"74",-57.75,-12.75,2015,2,396.443359375,0.522091835737228,0,2,0
"75",-57.75,-12.5,2015,2,397.540618896484,0.442853111028671,0,15,0
"76",-57.75,-12.25,2015,2,396.6240234375,0.40718845029672,0,60,0
"77",-57.75,-6,2016,2,400.289367675781,0.463605254888535,0,5,0
"78",-57.75,-5.5,2016,2,399.889038085938,0.541943728923798,NA,1,NA
"79",-57.75,-5,2016,2,399.715026855469,0.55632209777832,NA,1,NA
"80",-57.5,-13.5,2015,2,396.378936767578,0.402225136756897,NA,1,NA
"81",-57.5,-13.25,2015,2,396.109680175781,0.489933043718338,NA,1,NA
"82",-57.5,-13,2015,2,397.312866210938,0.486914694309235,NA,1,NA
"83",-57.5,-7.25,2016,2,399.903381347656,0.551305711269379,NA,1,NA
"84",-57.5,-6.75,2016,2,400.026214599609,0.669982969760895,NA,1,NA
"85",-57.5,-6.5,2016,2,400.254547119141,0.576200366020203,NA,1,NA
"86",-57.5,-6.25,2016,2,400.076629638672,0.598011453946432,0,3,0
"87",-57.25,-14.75,2015,2,396.391296386719,0.378452450037003,NA,1,NA
"88",-57.25,-8.25,2016,2,399.911041259766,0.534135431051254,0,2,0
"89",-57.25,-8,2016,2,399.517486572266,0.518058359622955,NA,1,NA
"90",-57.25,-7.5,2016,2,400.407348632812,0.54253101348877,NA,1,NA
"91",-57.25,-7.25,2016,2,399.667419433594,0.518612504005432,NA,1,NA
"92",-57.25,-0.75,2016,2,399.60986328125,0.616899728775024,0,2,0
"93",-57,-29.75,2016,2,400.126068115234,0.421293079853058,NA,1,NA
"94",-57,-16.25,2015,2,395.741180419922,0.399270802736282,NA,1,NA
"95",-57,-16,2015,2,396.342987060547,0.411877155303955,0,12,0
"96",-57,-2.5,2016,2,400.128784179688,0.58086371421814,0,2,0
"97",-57,-2.25,2016,2,400.018280029297,0.538143202662468,0,2,0
"98",-56.75,-30,2016,2,400.535614013672,0.500371491909027,0,5,0
"99",-56.75,-29.75,2016,2,400.736663818359,0.477401488593646,0,14,0
"100",-56.75,-29.5,2016,2,399.995361328125,0.464787300337445,0,22,0
"101",-56.75,-17,2016,2,401.002288818359,0.498771175742149,0,2,0
"102",-56.75,-16.5,2015,2,396.636566162109,0.532010190188885,0,4,0
"103",-56.75,-16.5,2016,2,400.905395507812,0.498737044632435,0,4,0
"104",-56.75,-16.25,2016,2,400.471557617188,0.465739011764526,0,33,0
"105",-56.75,-10.25,2016,2,400.924041748047,0.488257363438606,0,18,0
"106",-56.75,-10,2016,2,398.718048095703,0.493853604793549,0,5,0
"107",-56.75,-9.5,2016,2,400.309143066406,0.617463707923889,NA,1,NA
"108",-56.5,-30.25,2016,2,401.109283447266,0.477253110408783,0,25,0
"109",-56.5,-30,2016,2,399.896636962891,0.478205519564012,0,17,0
"110",-56.5,-29.75,2016,2,399.948089599609,0.447514663139979,0,3,0
"111",-56.5,-17.5,2016,2,400.169250488281,0.658811032772064,NA,1,NA
"112",-56.5,-17.25,2016,2,399.670166015625,0.511291702588399,0,3,0
"113",-56.5,-17,2016,2,400.980010986328,0.438596591353416,0,2,0
"114",-56.5,-11.5,2016,2,400.865692138672,0.501525054375331,0,3,0
"115",-56.5,-11.25,2016,2,399.818878173828,0.529897600412369,0,5,0
"116",-56.5,-11,2016,2,400.834442138672,0.469134271144867,NA,1,NA
"117",-56.5,-10.75,2016,2,400.508758544922,0.474954456090927,0,2,0
"118",-56.25,-19,2016,2,400.833221435547,0.49946129322052,NA,1,NA
"119",-56.25,-18.75,2016,2,400.456176757812,0.517303586006165,0,5,0
"120",-56.25,-12.25,2016,2,401.231781005859,0.520519157250722,0,6,0
"121",-56.25,-12,2016,2,400.367706298828,0.516405545175076,0,12,0
"122",-56.25,-11.75,2016,2,401.002655029297,0.509266944229603,0,20,0
"123",-56.25,-11.5,2016,2,400.423217773438,0.557399183511734,0,4,0
"124",-56.25,-11.25,2016,2,400.474945068359,0.608298927545547,0,4,0
"125",-56,-19.25,2016,2,400.701324462891,0.556024074554443,NA,1,NA
"126",-56,-13,2016,2,399.459289550781,0.536746114492416,0,6,0
"127",-56,-12.75,2016,2,400.498626708984,0.473895817995071,NA,1,NA
"128",-56,-6.5,2016,2,400.497924804688,0.729734063148499,NA,1,NA
"129",-56,-6.25,2016,2,401.227142333984,0.630158254078456,0,7,0
"130",-55.75,-29.5,2015,2,397.199920654297,0.546565075715383,0,3,0
"131",-55.75,-29.25,2015,2,396.646301269531,0.489000007510185,0,2,0
"132",-55.75,-28.75,2015,2,396.052185058594,0.499302297830582,NA,1,NA
"133",-55.75,-28.5,2015,2,393.361358642578,0.40680980682373,0,2,0
"134",-55.75,-14.5,2016,2,400.873016357422,0.591052651405334,NA,1,NA
"135",-55.75,-8,2016,2,400.163360595703,0.579880893230438,0,4,0
"136",-55.75,-7.5,2016,2,401.096801757812,0.583927750587463,0,6,0
"137",-55.75,-7.25,2016,2,398.401458740234,0.577284634113312,NA,1,NA
"138",-55.5,-30.5,2015,2,396.819488525391,0.537219643592834,0,2,0
"139",-55.5,-30,2015,2,397.237823486328,0.518487084995617,0,11,0
"140",-55.5,-29.5,2015,2,396.146911621094,0.454417606194814,0,9,0
"141",-55.5,-16,2016,2,400.729949951172,0.507697880268097,0,2,0
"142",-55.5,-15.75,2016,2,400.383728027344,0.497398719191551,0,12,0
"143",-55.5,-15.5,2016,2,400.657470703125,0.56142546236515,0,4,0
"144",-55.5,-9,2016,2,399.822814941406,0.602063119411469,NA,1,NA
"145",-55.5,-8.75,2016,2,399.707489013672,0.551617455482483,0,5,0
"146",-55.5,-8.5,2016,2,399.344299316406,0.539328992366791,0,2,0
"147",-55.25,-30.75,2015,2,397.081390380859,0.405345380306244,NA,1,NA
"148",-55.25,-30.5,2015,2,396.757720947266,0.492734845727682,0,8,0
"149",-55.25,-17.25,2015,2,398.302001953125,0.434636950492859,NA,1,NA
"150",-55.25,-17.25,2016,2,400.610290527344,0.56838388244311,0,6,0
"151",-55.25,-17,2016,2,401.274932861328,0.543522665898005,0,3,0
"152",-55.25,-16.75,2015,2,396.254943847656,0.421919677406549,0,8,0
"153",-55.25,-16.75,2016,2,401.195587158203,0.513778044627263,0,13,0
"154",-55.25,-10.25,2015,2,396.552886962891,0.715047597885132,NA,1,NA
"155",-55.25,-10,2015,2,395.895324707031,0.708981156349182,NA,1,NA
"156",-55.25,-9.75,2015,2,396.566528320312,0.675664663314819,0,2,0
"157",-55.25,-9.5,2016,2,401.198699951172,0.58129255771637,0,5,0
"158",-55,-18.75,2015,2,395.4287109375,0.476585894823074,NA,1,NA
"159",-55,-18.5,2015,2,396.837829589844,0.616618653138479,0,3,0
"160",-55,-18.5,2016,2,400.852630615234,0.517004917065302,0,6,0
"161",-55,-18.25,2016,2,400.756378173828,0.557830899953842,0,2,0
"162",-55,-18,2016,2,400.400543212891,0.539450466632843,0,8,0
"163",-55,-17.75,2016,2,401.678802490234,0.516980081796646,0,3,0
"164",-55,-17.5,2016,2,401.053039550781,0.541406784206629,0,8,0
"165",-55,-17.25,2015,2,396.745758056641,0.412185832858086,0,2,0
"166",-55,-17,2016,2,400.803405761719,0.431416604079698,0,19,0
"167",-55,-16.75,2016,2,401.514770507812,0.436354988151126,0,9,0
"168",-54.75,-31,2016,2,400.494354248047,0.48927815258503,0,2,0
"169",-54.75,-19.25,2015,2,396.599273681641,0.511877099672953,0,6,0
"170",-54.75,-19,2015,2,397.027740478516,0.46244769011225,0,7,0
"171",-54.75,-18,2016,2,400.912719726562,0.5315061211586,NA,1,NA
"172",-54.5,-27.75,2015,2,396.788726806641,0.356753200292587,NA,1,NA
"173",-54.5,-20.25,2016,2,401.202697753906,0.523896810412407,0,10,0
"174",-54.5,-19.75,2015,2,397.170654296875,0.484025001525879,NA,1,NA
"175",-54.5,1,2015,2,396.969940185547,0.460522830486298,0,8,0
"176",-54.5,1.5,2015,2,397.065887451172,0.453458279371262,NA,1,NA
"177",-54.25,-21.5,2015,2,396.4345703125,0.5042844414711,NA,1,NA
"178",-54.25,-21.25,2015,2,396.8583984375,0.409581527113914,0,4,0
"179",-54.25,-21.25,2016,2,402.499938964844,0.617904245853424,NA,1,NA
"180",-54.25,-21,2016,2,402.912689208984,0.502363614737988,0,4,0
"181",-54.25,-7.75,2015,2,396.991333007812,0.538080096244812,0,4,0
"182",-54.25,-7.5,2015,2,397.512298583984,0.441261355280876,0,50,0
"183",-54.25,-7.25,2015,2,397.072662353516,0.443293171269553,0,7,0
"184",-54.25,-7,2015,2,396.619598388672,0.470093717177709,0,54,0
"185",-54.25,0,2015,2,397.090637207031,0.457499831914902,0,3,0
"186",-54,-30,2015,2,396.882537841797,0.368508338928223,NA,1,NA
"187",-54,-30,2016,2,405.368927001953,0.407551348209381,NA,1,NA
"188",-54,-29.75,2015,2,396.543334960938,0.399745881557465,0,14,0
"189",-54,-29.5,2015,2,396.934020996094,0.39971998333931,0,2,0
"190",-54,-29.25,2016,2,404.569885253906,0.371552377939224,NA,1,NA
"191",-54,-29,2015,2,396.409423828125,0.367242157459259,NA,1,NA
"192",-54,-28.75,2015,2,396.612945556641,0.37677254445023,0,18,0
"193",-54,-28.5,2015,2,396.322326660156,0.37322655916214,0,5,0
"194",-54,-28.25,2015,2,396.760467529297,0.428811490535736,NA,1,NA
"195",-54,-21.75,2015,2,397.029632568359,0.443921810388565,0,5,0
"196",-54,-16.25,2016,2,402.372985839844,0.457569777965546,NA,1,NA
"197",-54,-16,2016,2,403.051239013672,0.601578623056412,0,2,0
"198",-54,-15.75,2016,2,402.481994628906,0.532980144023895,0,4,0
"199",-54,-15.5,2016,2,402.494842529297,0.582785248756409,NA,1,NA
"200",-54,-8,2015,2,396.478607177734,0.460937719792128,0,8,0
"201",-54,-7.75,2015,2,397.706298828125,0.426253014802933,0,15,0
"202",-54,-1.25,2016,2,397.638366699219,0.400210499763489,0,9,0
"203",-54,-1,2016,2,398.867980957031,0.405572414398193,NA,1,NA
"204",-53.75,-31,2015,2,397.038452148438,0.418582243578775,0,7,0
"205",-53.75,-30.75,2015,2,396.66845703125,0.413264559374915,0,9,0
"206",-53.75,-30.25,2016,2,398.517517089844,0.488170146942139,NA,1,NA
"207",-53.75,-30,2015,2,397.391235351562,0.424542486667633,NA,1,NA
"208",-53.75,-29,2015,2,397.259613037109,0.372811749577522,0,4,0
"209",-53.75,-28.75,2015,2,397.659332275391,0.378940433263779,NA,1,NA
"210",-53.75,-23.5,2015,2,396.432647705078,0.485357906137194,0,7,0
"211",-53.75,-23.25,2015,2,396.494598388672,0.432893505463233,0,13,0
"212",-53.75,-9.25,2015,2,397.353393554688,0.494026915894614,0,9,0
"213",-53.75,-2,2015,2,397.123870849609,0.46390770872434,0,3,0
"214",-53.5,-31.5,2016,2,398.573822021484,0.524673823267221,0,16,0
"215",-53.5,-31,2015,2,397.287200927734,0.432435154914856,NA,1,NA
"216",-53.5,-30.5,2015,2,397.124664306641,0.410201032956441,0,3,0
"217",-53.5,-30.25,2015,2,396.864898681641,0.408328860998154,NA,1,NA
"218",-53.5,-23.75,2015,2,397.429443359375,0.447716623544693,NA,1,NA
"219",-53.5,-18.5,2016,2,399.297821044922,0.445503979921341,NA,1,NA
"220",-53.5,-17.75,2016,2,398.454498291016,0.690663456916809,NA,1,NA
"221",-53.25,-33.5,2015,2,399.794372558594,0.38764692346255,0,6,0
"222",-53.25,-32.5,2015,2,399.899993896484,0.383626654744148,0,2,0
"223",-53.25,-31.5,2016,2,396.962646484375,0.474619925022125,0,2,0
"224",-53.25,-31.25,2015,2,400.153228759766,0.43021896481514,0,5,0
"225",-53.25,-31.25,2016,2,397.582305908203,0.456134397122595,0,18,0
"226",-53.25,-31,2015,2,399.561706542969,0.41507902470502,0,22,0
"227",-53.25,-31,2016,2,397.510833740234,0.464533805847168,0,3,0
"228",-53.25,-30.75,2015,2,399.139282226562,0.403939247131348,NA,1,NA
"229",-53.25,-30.75,2016,2,398.684753417969,0.442492409394338,0,13,0
"230",-53.25,-19,2016,2,398.003112792969,0.58092412352562,0,2,0
"231",-53.25,-11.25,2015,2,396.049835205078,0.606947064399719,NA,1,NA
"232",-53,-33.25,2015,2,396.832092285156,0.390314382314682,0,5,0
"233",-53,-33.25,2016,2,398.309417724609,0.503804564476013,NA,1,NA
"234",-53,-32.25,2015,2,396.524169921875,0.358397275209427,NA,1,NA
"235",-53,-32.25,2016,2,397.517425537109,0.442232917336857,0,17,0
"236",-53,-32,2016,2,398.586395263672,0.455422239332664,0,41,0
"237",-53,-31.75,2016,2,398.692901611328,0.468087149016997,0,34,0
"238",-53,-31.5,2016,2,399.091125488281,0.466407030820847,0,17,0
"239",-53,-31.25,2016,2,397.674499511719,0.440575465559959,0,2,0
"240",-53,-26,2015,2,396.835327148438,0.399150609970093,NA,1,NA
"241",-53,-20.75,2015,2,395.59326171875,0.608847320079803,NA,1,NA
"242",-53,-20.5,2015,2,396.800323486328,0.4582122306029,0,15,0
"243",-53,-20.5,2016,2,398.583312988281,0.568167388439178,NA,1,NA
"244",-53,-20.25,2016,2,398.779663085938,0.553041264414787,0,4,0
"245",-53,-13.5,2015,2,396.554809570312,0.54506794611613,0,3,0
"246",-53,-13.25,2015,2,396.296020507812,0.55082768201828,0,4,0
"247",-53,-12.5,2016,2,397.9794921875,0.484996948639552,0,15,0
"248",-53,-12.25,2016,2,398.583892822266,0.47819496691227,0,2,0
"249",-53,-12,2016,2,398.355560302734,0.524569869041443,NA,1,NA
"250",-52.75,-33.25,2015,2,396.055633544922,0.315473191440105,0,4,0
"251",-52.75,-33,2016,2,401.931030273438,0.335250109434128,0,3,0
"252",-52.75,-29,2015,2,395.184112548828,0.502631843090057,NA,1,NA
"253",-52.75,-28.75,2015,2,394.757080078125,0.474627554416656,0,2,0
"254",-52.75,-22.25,2015,2,401.028198242188,0.432826265692711,0,4,0
"255",-52.75,-22,2015,2,401.170166015625,0.39988400042057,0,6,0
"256",-52.75,-21.25,2016,2,398.450500488281,0.505022212862968,0,2,0
"257",-52.75,-21,2016,2,398.751586914062,0.643836836020152,0,3,0
"258",-52.75,-20.75,2016,2,399.077301025391,0.523684582539967,0,7,0
"259",-52.75,-20.5,2016,2,399.022735595703,0.56334000825882,NA,1,NA
"260",-52.75,-20.25,2016,2,398.789489746094,0.545779824256897,NA,1,NA
"261",-52.75,-14.25,2015,2,402.093627929688,0.43482007086277,0,2,0
"262",-52.75,-13.75,2015,2,401.009460449219,0.507060264547666,0,18,0
"263",-52.75,-6.25,2016,2,399.023590087891,0.398017299175262,0,5,0
"264",-52.75,-0.5,2016,2,398.971435546875,0.395211011171341,0,2,0
"265",-52.75,0,2015,2,396.064575195312,0.440074425477248,0,13,0
"266",-52.75,0.25,2015,2,396.511047363281,0.427461305686406,0,35,0
"267",-52.5,-23.5,2015,2,395.615997314453,0.456200927495956,NA,1,NA
"268",-52.5,-22.75,2015,2,396.170043945312,0.382168471813202,NA,1,NA
"269",-52.5,-22.5,2015,2,397.063659667969,0.382248476147652,0,2,0
"270",-52.5,-22.25,2015,2,395.023040771484,0.42999604344368,NA,1,NA
"271",-52.5,-22,2016,2,397.827972412109,0.728038430213928,NA,1,NA
"272",-52.5,-21,2016,2,397.3125,0.475920975208282,NA,1,NA
"273",-52.5,-15.5,2015,2,396.973114013672,0.510444978872935,0,9,0
"274",-52.5,-15.25,2015,2,395.661529541016,0.450978970057086,0,38,0
"275",-52.5,-15,2015,2,395.120941162109,0.403645254489852,0,41,0
"276",-52.5,-14.75,2015,2,396.163818359375,0.437540753891594,0,19,0
"277",-52.5,-1.5,2015,2,395.210845947266,0.456125852308775,0,19,0
"278",-52.5,-1.25,2015,2,395.163940429688,0.426371589303017,0,4,0
"279",-52.5,-0.75,2016,2,398.664154052734,0.397907078266144,NA,1,NA
"280",-52.25,-23.75,2015,2,395.365966796875,0.418050244450569,0,2,0
"281",-52.25,-23.5,2015,2,395.769653320312,0.4273633147989,0,7,0
"282",-52.25,-16.75,2015,2,397.774688720703,0.481275539506565,0,11,0
"283",-52.25,-16.5,2015,2,397.853729248047,0.684260010719299,NA,1,NA
"284",-52.25,-16,2015,2,397.686828613281,0.49994258582592,0,14,0
"285",-52.25,-15.75,2015,2,397.884490966797,0.441367626190186,NA,1,NA
"286",-52.25,-15.75,2016,2,399.092864990234,0.445473298430443,0,2,0
"287",-52.25,-15.25,2016,2,398.115417480469,0.488137871026993,NA,1,NA
"288",-52.25,-2.5,2015,2,394.301910400391,0.379577495157719,0,4,0
"289",-52.25,-2.25,2015,2,394.992736816406,0.441163872296994,0,13,0
"290",-52.25,-2,2015,2,395.950927734375,0.506746927897135,0,6,0
"291",-52.25,-1.75,2015,2,395.805847167969,0.478531098365784,0,5,0
"292",-52.25,-1.5,2015,2,396.440521240234,0.507686126232147,0,5,0
"293",-52,-32,2015,2,394.307403564453,0.386780869502288,0,13,0
"294",-52,-25.75,2015,2,397.596008300781,0.414816081523895,NA,1,NA
"295",-52,-25.5,2015,2,396.061492919922,0.418132479985555,0,15,0
"296",-52,-25.25,2015,2,397.140930175781,0.417654924094677,0,8,0
"297",-52,-24.5,2015,2,396.173522949219,0.425030261278152,0,3,0
"298",-52,-17,2015,2,394.469604492188,0.621647298336029,0,2,0
"299",-52,-11,2015,2,397.830078125,0.521362781524658,NA,1,NA
"300",-52,-3.5,2016,2,399.562316894531,0.345452487468719,NA,1,NA
"301",-52,-3.25,2015,2,395.501708984375,0.433280616998672,NA,1,NA
"302",-52,-3.25,2016,2,399.487060546875,0.3527805407842,0,3,0
"303",-52,-3,2015,2,394.753936767578,0.434102445840836,NA,1,NA
"304",-52,-2.75,2015,2,395.409484863281,0.422637544572353,0,8,0
"305",-51.75,-25.75,2015,2,395.716491699219,0.406722150065682,0,11,0
"306",-51.75,-25.5,2015,2,395.231140136719,0.411260942618052,0,6,0
"307",-51.75,-18.5,2015,2,395.117340087891,0.477565437555313,0,3,0
"308",-51.75,-18.25,2015,2,394.488220214844,0.454377402861913,0,15,0
"309",-51.75,-18,2015,2,395.293121337891,0.453050285577774,NA,1,NA
"310",-51.75,-11.5,2015,2,395.926025390625,0.608483076095581,0,2,0
"311",-51.75,-4.75,2015,2,395.928405761719,0.413549029827118,0,10,0
"312",-51.75,-4.5,2015,2,394.365325927734,0.415953724334637,0,24,0
"313",-51.75,-4,2015,2,395.62353515625,0.409735743204753,0,15,0
"314",-51.5,-27.75,2015,2,395.330718994141,0.413665944337845,0,10,0
"315",-51.5,-27.5,2015,2,395.526519775391,0.401094383663601,0,36,0
"316",-51.5,-27.25,2015,2,395.421234130859,0.418298764526844,0,20,0
"317",-51.5,-27,2015,2,395.761505126953,0.433861945356642,0,7,0
"318",-51.5,-26.75,2015,2,394.027923583984,0.439179584383965,0,2,0
"319",-51.5,-20,2015,2,396.515258789062,0.625930607318878,NA,1,NA
"320",-51.5,-19.75,2015,2,397.022857666016,0.657468497753143,NA,1,NA
"321",-51.25,-28.5,2015,2,395.002593994141,0.427711218595505,NA,1,NA
"322",-51.25,-28.25,2015,2,395.704040527344,0.403439583256841,0,16,0
"323",-51.25,-28,2015,2,396.302612304688,0.396760252214247,0,31,0
"324",-51.25,-27.75,2015,2,394.782196044922,0.412192536724938,0,18,0
"325",-51.25,-27.5,2015,2,395.200988769531,0.416716977953911,0,2,0
"326",-51.25,-12.75,2016,2,399.122100830078,0.536876584092776,0,6,0
"327",-51.25,-12.5,2016,2,399.86767578125,0.554375648498535,NA,1,NA
"328",-51,-29.75,2016,2,401.874053955078,0.506342172622681,NA,1,NA
"329",-51,-29.5,2016,2,402.696899414062,0.491503513776339,0,13,0
"330",-51,-29.25,2016,2,403.287536621094,0.520463854074478,0,8,0
"331",-51,-14.75,2015,2,394.391571044922,0.491070169955492,0,8,0
"332",-51,-13,2016,2,402.191467285156,0.63289812207222,0,2,0
"333",-51,-12.75,2016,2,403.682098388672,0.522696733474731,0,2,0
"334",-50.75,-31,2015,2,395.149475097656,0.455787012974421,0,6,0
"335",-50.75,-30.25,2015,2,394.829193115234,0.395180782303214,0,16,0
"336",-50.75,-30.25,2016,2,400.547546386719,0.409185688132825,0,23,0
"337",-50.75,-30,2016,2,402.242736816406,0.421105683614046,0,39,0
"338",-50.75,-29.75,2016,2,401.814300537109,0.417683206285749,0,35,0
"339",-50.75,-29.5,2016,2,401.919525146484,0.445302069187164,0,6,0
"340",-50.75,-16.25,2015,2,394.743347167969,0.551751659675078,0,11,0
"341",-50.75,-16.25,2016,2,403.416168212891,0.484818994998932,NA,1,NA
"342",-50.75,-16,2015,2,395.467132568359,0.496882572770119,0,2,0
"343",-50.75,-8.75,2016,2,403.288787841797,0.364263080060482,0,20,0
"344",-50.75,-8.5,2016,2,403.152191162109,0.36210275049937,0,59,0
"345",-50.75,-8.25,2016,2,403.815124511719,0.370813116983131,0,27,0
"346",-50.75,-2,2016,2,399.427703857422,0.401859115809202,0,16,0
"347",-50.5,-23.75,2015,2,395.773559570312,0.478439390659332,0,4,0
"348",-50.5,-23.75,2016,2,400.464721679688,0.591132491827011,0,2,0
"349",-50.5,-23.5,2015,2,396.079925537109,0.609086483716965,0,2,0
"350",-50.5,-23,2016,2,400.951171875,0.648436963558197,NA,1,NA
"351",-50.5,-16.75,2015,2,395.024810791016,0.42941290140152,NA,1,NA
"352",-50.5,-11.25,2015,2,395.998565673828,0.451575964689255,0,11,0
"353",-50.5,-11,2016,2,403.500274658203,0.536003895103931,0,12,0
"354",-50.5,-10.75,2016,2,400.9111328125,0.585432112216949,NA,1,NA
"355",-50.5,-10.25,2016,2,401.686401367188,0.466674476861954,0,2,0
"356",-50.5,-3.25,2016,2,401.203460693359,0.43120513856411,0,2,0
"357",-50.5,-3,2016,2,399.760314941406,0.414481788873672,0,2,0
"358",-50.5,-2.75,2016,2,400.563751220703,0.429675213992596,0,12,0
"359",-50.5,-2,2016,2,400.276824951172,0.402976095676422,0,5,0
"360",-50.25,-25.25,2015,2,397.291381835938,0.485575288534164,NA,1,NA
"361",-50.25,-24.25,2016,2,400.43212890625,0.670841097831726,NA,1,NA
"362",-50.25,-12.5,2015,2,400.197448730469,0.489799793809652,0,16,0
"363",-50.25,-12.25,2015,2,397.989959716797,0.471945841584289,0,57,0
"364",-50.25,-12,2015,2,400.231140136719,0.464273765954104,0,55,0
"365",-50.25,-11.75,2015,2,398.460174560547,0.484522504465921,0,42,0
"366",-50.25,-11.5,2015,2,398.622192382812,0.517630090316137,0,3,0
"367",-50.25,-11.25,2016,2,402.333801269531,0.565188929438591,0,8,0
"368",-50.25,-11,2016,2,401.944702148438,0.533541831705305,0,9,0
"369",-50.25,-10.75,2016,2,401.302215576172,0.591730117797852,NA,1,NA
"370",-50.25,-10.25,2016,2,400.989440917969,0.566384851932526,NA,1,NA
"371",-50.25,-4.25,2016,2,400.982879638672,0.359673215584321,0,11,0
"372",-50.25,-4,2016,2,401.185974121094,0.369747132062912,NA,1,NA
"373",-50.25,-3.75,2016,2,400.278503417969,0.401501482725143,0,5,0
"374",-50,-25.75,2015,2,395.987152099609,0.569414039452871,0,3,0
"375",-50,-15,2016,2,401.611267089844,0.566319644451141,0,3,0
"376",-50,-14.75,2016,2,401.201934814453,0.614357650279999,0,2,0
"377",-50,-12.5,2015,2,396.259857177734,0.529048308730125,0,2,0
"378",-50,-12,2016,2,399.978210449219,0.550050973892212,NA,1,NA
"379",-50,-5.25,2016,2,400.2275390625,0.489352415005366,0,3,0
"380",-50,-5,2016,2,401.130340576172,0.513361270057744,0,29,0
"381",-50,-4.75,2016,2,399.997344970703,0.527710342407227,0,5,0
"382",-50,-4.5,2016,2,400.580902099609,0.391095270128811,0,17,0
"383",-49.75,-27.25,2015,2,395.545349121094,0.508814454078674,0,2,0
"384",-49.75,-27,2015,2,395.649597167969,0.46604408621788,0,5,0
"385",-49.75,-26.75,2015,2,395.941528320312,0.476110703415341,0,9,0
"386",-49.75,-26.5,2015,2,396.220550537109,0.477474674582481,0,2,0
"387",-49.75,-20.25,2016,2,399.804931640625,0.54454505443573,NA,1,NA
"388",-49.75,-15.75,2016,2,401.810882568359,0.535480618476868,NA,1,NA
"389",-49.5,-27.5,2015,2,398.639251708984,0.480939954519272,NA,1,NA
"390",-49.5,-21.75,2016,2,401.086181640625,0.622435212135315,NA,1,NA
"391",-49.5,-21.5,2016,2,400.336639404297,0.496513947844505,0,2,0
"392",-49.5,-16,2015,2,400.421966552734,0.555363357067108,NA,1,NA
"393",-49.5,-16,2016,2,399.105285644531,0.485562373291362,0,11,0
"394",-49.5,-15.75,2015,2,399.307250976562,0.515153871132777,0,13,0
"395",-49.5,-15.75,2016,2,398.722900390625,0.506690640002489,0,8,0
"396",-49.5,-15.5,2015,2,399.605285644531,0.543595746159554,0,6,0
"397",-49.5,-15.5,2016,2,399.955718994141,0.505486249923706,NA,1,NA
"398",-49.5,-15.25,2015,2,399.918151855469,0.630876839160919,0,7,0
"399",-49.5,-15,2015,2,400.246215820312,0.549946431232535,0,23,0
"400",-49.5,-15,2016,2,400.615081787109,0.50917449593544,0,5,0
"401",-49.5,-14.75,2015,2,399.449096679688,0.723730027675629,NA,1,NA
"402",-49.5,-14.75,2016,2,400.053100585938,0.4658319387171,0,9,0
"403",-49.5,-14.5,2016,2,399.709991455078,0.48127406835556,NA,1,NA
"404",-49.5,-14.25,2016,2,400.205383300781,0.513551816344261,0,2,0
"405",-49.5,-8.5,2016,2,401.390167236328,0.381631182772773,0,7,0
"406",-49.5,-7.75,2016,2,400.405944824219,0.573256306350231,0,8,0
"407",-49.5,-7.5,2016,2,399.182373046875,0.632932901382446,0,2,0
"408",-49.5,-7.25,2016,2,399.767120361328,0.557929226330348,0,7,0
"409",-49.5,-1.5,2016,2,402.291809082031,0.38847712179025,0,6,0
"410",-49.25,-28.75,2016,2,401.383636474609,0.409502981674103,0,21,0
"411",-49.25,-28.5,2016,2,400.339630126953,0.464416142304738,0,15,0
"412",-49.25,-28.25,2016,2,399.562835693359,0.490797705948353,0,4,0
"413",-49.25,-23.75,2015,2,396.452423095703,0.51229964196682,0,10,0
"414",-49.25,-21.75,2016,2,401.195983886719,0.501955687999725,NA,1,NA
"415",-49.25,-21.5,2016,2,401.849273681641,0.413883149623871,NA,1,NA
"416",-49.25,-16,2015,2,396.058807373047,0.536317112354132,0,13,0
"417",-49.25,-16,2016,2,403.661224365234,0.523822963237762,NA,1,NA
"418",-49.25,-15.75,2015,2,396.604827880859,0.517473816871643,NA,1,NA
"419",-49.25,-15.75,2016,2,400.009368896484,0.583117663860321,NA,1,NA
"420",-49.25,-15.5,2016,2,399.674743652344,0.490476042032242,NA,1,NA
"421",-49.25,-15.25,2016,2,401.493591308594,0.491804853081703,0,2,0
"422",-49.25,-15,2016,2,400.941925048828,0.529860711097717,0,5,0
"423",-49.25,-14.75,2016,2,403.181457519531,0.460934346914291,0,5,0
"424",-49.25,-8.5,2016,2,401.226654052734,0.38242045044899,0,3,0
"425",-49.25,-2.5,2016,2,401.309204101562,0.416476711630821,0,2,0
"426",-49.25,-2.25,2016,2,401.181304931641,0.444983658465472,0,11,0
"427",-49.25,-2,2016,2,400.491729736328,0.359746038913727,0,3,0
"428",-49.25,-1.75,2016,2,401.622894287109,0.439798724651337,0,5,0
"429",-49,-25,2015,2,395.670043945312,0.505071411530177,0,3,0
"430",-49,-24.75,2015,2,393.865356445312,0.505367815494537,0,2,0
"431",-49,-23.5,2016,2,401.559600830078,0.479033216834068,0,2,0
"432",-49,-23.25,2016,2,400.697387695312,0.571928441524506,NA,1,NA
"433",-49,-18.25,2015,2,394.991424560547,0.568272340297699,0,5,0
"434",-49,-18,2015,2,396.369598388672,0.541057023737166,0,9,0
"435",-49,-17.25,2016,2,401.041564941406,0.460511686901251,0,12,0
"436",-49,-17,2016,2,402.781280517578,0.421746097505093,0,4,0
"437",-49,-16,2016,2,400.681396484375,0.51282012462616,0,2,0
"438",-49,-9.5,2016,2,401.386352539062,0.46226614051395,0,9,0
"439",-49,-9.25,2016,2,401.642150878906,0.559410929679871,NA,1,NA
"440",-49,-3,2016,2,400.036102294922,0.465440481901169,NA,1,NA
"441",-48.75,-26.5,2015,2,395.573211669922,0.387603282928467,NA,1,NA
"442",-48.75,-26.25,2015,2,394.685119628906,0.407504379749298,0,3,0
"443",-48.75,-26,2015,2,395.313842773438,0.467482715845108,0,2,0
"444",-48.75,-25.75,2015,2,395.957946777344,0.475558012723923,0,3,0
"445",-48.75,-25.5,2015,2,395.048461914062,0.505578696727753,NA,1,NA
"446",-48.75,-18.5,2015,2,393.904144287109,0.48038102388382,0,5,0
"447",-48.75,-18.25,2015,2,392.339660644531,0.531837329268456,0,4,0
"448",-48.75,-18.25,2016,2,402.004547119141,0.543514728546143,NA,1,NA
"449",-48.75,-18,2016,2,399.902740478516,0.532354846596718,0,4,0
"450",-48.75,-17.75,2015,2,394.389923095703,0.565994811058044,0,5,0
"451",-48.75,-17.25,2016,2,401.088897705078,0.562085032463074,0,3,0
"452",-48.75,-12,2015,2,396.440399169922,0.590783913930257,0,3,0
"453",-48.75,-4.75,2016,2,399.028533935547,0.379328086972237,0,2,0
"454",-48.75,-4.5,2016,2,400.524505615234,0.396983530786302,0,9,0
"455",-48.5,-27.25,2015,2,396.303039550781,0.43586180490606,0,17,0
"456",-48.5,-26.5,2015,2,395.549652099609,0.447758360550954,0,13,0
"457",-48.5,-26.25,2015,2,396.302825927734,0.483593553304672,NA,1,NA
"458",-48.5,-20.5,2015,2,396.025207519531,0.498972872893016,0,3,0
"459",-48.5,-20.25,2015,2,396.202453613281,0.553240165114403,0,2,0
"460",-48.5,-20,2015,2,396.080474853516,0.499671787023544,0,3,0
"461",-48.5,-18.5,2016,2,399.657470703125,0.495638445019722,0,2,0
"462",-48.5,-18.25,2016,2,400.650238037109,0.497126892209053,0,2,0
"463",-48.5,-11.75,2016,2,399.841644287109,0.700396815935771,0,3,0
"464",-48.5,-6,2016,2,399.307189941406,0.405251860618591,NA,1,NA
"465",-48.5,-5.25,2016,2,399.580383300781,0.373962879180908,0,2,0
"466",-48.5,0.5,2015,2,394.749633789062,0.370561386263648,0,43,0
"467",-48.25,-27.75,2015,2,395.972320556641,0.500765159078266,0,23,0
"468",-48.25,-27.5,2015,2,396.808044433594,0.458654320553729,0,19,0
"469",-48.25,-21,2015,2,395.548095703125,0.532757468521595,0,16,0
"470",-48.25,-20.75,2015,2,395.566558837891,0.539060935378075,0,12,0
"471",-48.25,-20.5,2015,2,396.408538818359,0.524119236639568,0,7,0
"472",-48.25,-20,2016,2,399.497711181641,0.44777837395668,0,4,0
"473",-48.25,-7.25,2016,2,400.635101318359,0.3608301452228,0,7,0
"474",-48.25,-6.5,2016,2,401.446594238281,0.357961595058441,NA,1,NA
"475",-48.25,0,2015,2,395.499633789062,0.425233083232394,0,106,0
"476",-48.25,0.25,2015,2,396.751342773438,0.381805226991051,0,95,0
"477",-48,-21,2015,2,398.006652832031,0.482346326112747,0,3,0
"478",-48,-20.75,2015,2,394.96337890625,0.439156278967857,0,2,0
"479",-48,-20.75,2016,2,399.015075683594,0.491598546504974,NA,1,NA
"480",-48,-8,2016,2,398.010925292969,0.474540621042252,NA,1,NA
"481",-48,-7.5,2016,2,397.976715087891,0.382210075855255,NA,1,NA
"482",-48,-7.25,2016,2,397.198974609375,0.374739229679108,NA,1,NA
"483",-47.75,-23,2015,2,396.054962158203,0.540425283568246,0,7,0
"484",-47.75,-21.75,2016,2,402.867584228516,0.469994515180588,NA,1,NA
"485",-47.75,-9.5,2016,2,401.814971923828,0.433373749256134,NA,1,NA
"486",-47.75,-9.25,2016,2,401.268676757812,0.478705326716105,0,3,0
"487",-47.5,-23.5,2015,2,395.679382324219,0.35677045583725,0,2,0
"488",-47.5,-23.5,2016,2,401.40283203125,0.451511445370587,0,11,0
"489",-47.5,-23.25,2016,2,402.712585449219,0.447890055676301,0,24,0
"490",-47.5,-10.5,2016,2,400.075744628906,0.445223110062735,0,14,0
"491",-47.5,-10.25,2016,2,400.426147460938,0.440952092409134,0,8,0
"492",-47.5,-10,2016,2,399.971862792969,0.442455510298411,0,3,0
"493",-47.5,-2.5,2016,2,399.886352539062,0.402251339875735,0,13,0
"494",-47.25,-25.75,2015,2,395.578369140625,0.326765045523643,0,28,0
"495",-47.25,-25.5,2015,2,394.834350585938,0.369010428587596,0,3,0
"496",-47.25,-25.25,2015,2,397.679779052734,0.35844835307863,0,9,0
"497",-47.25,-24.5,2016,2,400.445434570312,0.450835600495338,0,2,0
"498",-47.25,-24.25,2016,2,400.014862060547,0.470773220062256,NA,1,NA
"499",-47.25,-23.75,2016,2,400.190704345703,0.518280436595281,0,6,0
"500",-47.25,-23.5,2016,2,400.058319091797,0.473648372292519,0,10,0
"501",-47.25,-21.75,2016,2,399.883239746094,0.378610571225484,0,3,0
"502",-47.25,-17.5,2016,2,400.166625976562,0.578501760959625,NA,1,NA
"503",-47.25,-12,2016,2,400.148681640625,0.527165859937668,0,2,0
"504",-47.25,-11.75,2015,2,397.228515625,0.521632580459118,0,20,0
"505",-47.25,-11.75,2016,2,400.002777099609,0.470763877034187,0,2,0
"506",-47.25,-11.5,2015,2,397.418487548828,0.503440158234702,0,18,0
"507",-47.25,-11.5,2016,2,399.248870849609,0.479782010118167,0,6,0
"508",-47.25,-11.25,2015,2,396.911407470703,0.527973711490631,0,10,0
"509",-47.25,-11.25,2016,2,399.776031494141,0.526122331619263,NA,1,NA
"510",-47,-26.25,2015,2,397.406097412109,0.348492093880971,0,15,0
"511",-47,-12.5,2016,2,399.813140869141,0.439774880806605,0,3,0
"512",-47,-12.25,2016,2,399.957794189453,0.454382002353668,NA,1,NA
"513",-47,-12,2016,2,399.511199951172,0.478549470504125,0,3,0
"514",-47,-4.75,2016,2,400.279022216797,0.653248012065887,NA,1,NA
"515",-47,-4.5,2016,2,400.035400390625,0.591777963297708,0,7,0
"516",-47,-4.25,2016,2,400.279388427734,0.565000683069229,0,2,0
"517",-46.75,-23.75,2016,2,400.026763916016,0.610001492500305,0,5,0
"518",-46.75,-23.5,2016,2,400.019348144531,0.583848637342453,0,5,0
"519",-46.75,-14.25,2016,2,400.36279296875,0.557691097259521,NA,1,NA
"520",-46.75,-14,2016,2,400.6474609375,0.484065398573875,0,4,0
"521",-46.75,-13.75,2016,2,401.139068603516,0.480693626403809,0,10,0
"522",-46.75,-13.5,2016,2,401.176055908203,0.456433789973909,0,44,0
"523",-46.75,-13.25,2016,2,400.749542236328,0.497834205627441,0,13,0
"524",-46.75,-6.25,2016,2,400.09423828125,0.399677395820618,NA,1,NA
"525",-46.75,-6,2016,2,400.189086914062,0.378008883733016,0,13,0
"526",-46.75,-5.75,2016,2,400.054443359375,0.425674512982368,0,6,0
"527",-46.75,-5.25,2016,2,399.178588867188,0.38569712638855,0,9,0
"528",-46.5,-23.75,2016,2,400.663421630859,0.580459535121918,0,2,0
"529",-46.5,-23.5,2016,2,400.920623779297,0.498846530914307,0,7,0
"530",-46.5,-21.75,2015,2,396.191558837891,0.564842462539673,NA,1,NA
"531",-46.5,-15.25,2016,2,399.138732910156,0.534727495908737,0,5,0
"532",-46.5,-6.5,2016,2,399.840911865234,0.43572832942009,0,5,0
"533",-46.25,-21.75,2016,2,399.558197021484,0.519083857536316,NA,1,NA
"534",-46.25,-16.25,2016,2,399.374389648438,0.502945584058762,0,10,0
"535",-46.25,-16,2016,2,399.698028564453,0.479912428125258,0,31,0
"536",-46.25,-15.75,2016,2,399.136444091797,0.524785834550858,0,10,0
"537",-46.25,-15.5,2016,2,399.581451416016,0.649511992931366,NA,1,NA
"538",-46.25,-8.5,2016,2,399.178131103516,0.45911672554518,0,38,0
"539",-46.25,-8.25,2016,2,399.292663574219,0.487204166321919,0,29,0
"540",-46.25,-8,2016,2,399.779907226562,0.510030448436737,0,18,0
"541",-46,-22.75,2016,2,399.345642089844,0.569644504785538,0,10,0
"542",-46,-22.5,2016,2,399.967681884766,0.488575302064419,0,4,0
"543",-46,-17.5,2016,2,399.108032226562,0.515156388282776,0,3,0
"544",-46,-17.25,2016,2,400.073547363281,0.489539729697364,0,14,0
"545",-46,-17,2016,2,399.739013671875,0.50501948595047,NA,1,NA
"546",-46,-16.5,2016,2,399.021911621094,0.534169912338257,NA,1,NA
"547",-46,-16.25,2016,2,399.174041748047,0.425648212432861,NA,1,NA
"548",-46,-10,2016,2,403.149505615234,0.389009237289429,NA,1,NA
"549",-46,-9.75,2016,2,400.315704345703,0.405231095526529,0,46,0
"550",-46,-9.5,2016,2,403.323577880859,0.391397881011168,0,72,0
"551",-46,-9.25,2016,2,401.967559814453,0.386069683441475,0,67,0
"552",-46,-9,2016,2,401.598175048828,0.417702953020732,0,12,0
"553",-46,-8.5,2016,2,401.421539306641,0.499990478157997,0,2,0
"554",-45.75,-18.25,2016,2,399.991302490234,0.623936772346497,NA,1,NA
"555",-45.75,-18,2016,2,401.651763916016,0.648016393184662,0,3,0
"556",-45.75,-11,2016,2,398.105712890625,0.413367114961147,0,20,0
"557",-45.75,-10.75,2016,2,401.25146484375,0.427158424854279,0,50,0
"558",-45.75,-10.5,2016,2,400.376342773438,0.448882759578766,0,62,0
"559",-45.75,-10.25,2016,2,401.000915527344,0.431806440213147,0,85,0
"560",-45.75,-10,2016,2,399.080718994141,0.409424170647582,0,73,0
"561",-45.75,-9.75,2016,2,400.289154052734,0.4164578230942,0,17,0
"562",-45.5,-19,2016,2,403.605621337891,0.569290300210317,0,3,0
"563",-45.5,-13.25,2015,2,395.440155029297,0.468613733847936,0,3,0
"564",-45.5,-13,2015,2,395.305206298828,0.513956099748611,0,7,0
"565",-45.5,-12.75,2015,2,394.366882324219,0.600155242851802,0,7,0
"566",-45.5,-12,2016,2,399.451416015625,0.469843098095485,0,7,0
"567",-45.5,-11.75,2016,2,397.763214111328,0.391471046113199,0,62,0
"568",-45.5,-11.5,2016,2,399.373840332031,0.415995538234711,0,57,0
"569",-45.5,-11.25,2016,2,398.520812988281,0.414784526092964,0,57,0
"570",-45.5,-11,2016,2,400.424224853516,0.395675105483908,0,38,0
"571",-45.25,-14.25,2015,2,394.619171142578,0.444139001766841,0,15,0
"572",-45.25,-14,2015,2,395.607055664062,0.4237977899611,0,40,0
"573",-45.25,-13.75,2015,2,395.732360839844,0.456906353726107,0,17,0
"574",-45.25,-13.5,2015,2,395.187469482422,0.477933946996927,0,8,0
"575",-45.25,-13.25,2015,2,393.215087890625,0.483359593898058,0,16,0
"576",-45.25,-13.25,2016,2,398.543395996094,0.416128536420209,0,28,0
"577",-45.25,-13,2016,2,399.569702148438,0.42061804912307,0,44,0
"578",-45.25,-12.75,2016,2,399.3994140625,0.435590776205063,0,25,0
"579",-45.25,-12.5,2016,2,399.650939941406,0.43863512078921,0,3,0
"580",-45.25,-12.25,2016,2,399.865936279297,0.438970392241197,0,17,0
"581",-45.25,-12,2016,2,399.600524902344,0.423754259943962,0,2,0
"582",-45.25,-7,2015,2,394.571899414062,0.467588633298874,NA,1,NA
"583",-45,-21,2015,2,394.587097167969,0.479207664728165,0,2,0
"584",-45,-20.75,2015,2,396.625701904297,0.677168190479279,NA,1,NA
"585",-45,-15.5,2015,2,395.740264892578,0.411795402115042,0,11,0
"586",-45,-15.25,2015,2,395.821228027344,0.41519683709851,0,27,0
"587",-45,-15,2015,2,395.047302246094,0.427154618387039,0,52,0
"588",-45,-14.75,2015,2,395.196075439453,0.445476811665755,0,13,0
"589",-45,-14.5,2015,2,394.227111816406,0.464504878108318,0,26,0
"590",-45,-14.5,2016,2,399.929595947266,0.371123224496841,0,2,0
"591",-45,-14.25,2015,2,395.265930175781,0.425639415780703,0,12,0
"592",-45,-14.25,2016,2,399.631866455078,0.389293519106317,0,47,0
"593",-45,-14,2016,2,399.222869873047,0.375133697415741,0,71,0
"594",-45,-13.75,2016,2,399.720977783203,0.385698670787471,0,56,0
"595",-45,-13.5,2016,2,399.677398681641,0.395973013914548,0,65,0
"596",-45,-13.25,2016,2,400.218109130859,0.410234234295785,0,32,0
"597",-44.75,-16.25,2015,2,394.909515380859,0.56486976146698,NA,1,NA
"598",-44.75,-16,2015,2,396.217132568359,0.434683300256729,0,25,0
"599",-44.75,-15.75,2015,2,394.309631347656,0.451986646652222,0,5,0
"600",-44.75,-15.5,2015,2,396.297637939453,0.413234535385581,0,17,0
"601",-44.75,-15.25,2015,2,395.752380371094,0.426588803529739,0,2,0
"602",-44.75,-15,2016,2,400.034301757812,0.450198575854301,0,2,0
"603",-44.75,-14.75,2016,2,400.385955810547,0.412396685165517,0,17,0
"604",-44.75,-14.5,2016,2,399.868194580078,0.397218147462065,0,22,0
"605",-44.75,-14.25,2016,2,400.515197753906,0.372708997130394,0,10,0
"606",-44.75,-8.25,2016,2,400.188293457031,0.550928437709808,0,5,0
"607",-44.75,-8,2016,2,399.691436767578,0.537508030732473,0,3,0
"608",-44.75,-1.5,2016,2,399.835662841797,0.389071686400308,0,9,0
"609",-44.5,-17.5,2015,2,396.079467773438,0.406723454594612,0,2,0
"610",-44.5,-17.25,2015,2,394.027313232422,0.42036592066288,0,10,0
"611",-44.5,-17,2015,2,393.774353027344,0.438520405441523,0,8,0
"612",-44.5,-15.75,2016,2,399.338409423828,0.554711878299713,NA,1,NA
"613",-44.5,-10.25,2016,2,400.831970214844,0.442633107304573,0,2,0
"614",-44.5,-10,2016,2,399.285858154297,0.431740996028696,0,28,0
"615",-44.5,-9.75,2016,2,400.159301757812,0.501257906357447,0,3,0
"616",-44.5,-9.5,2016,2,400.040283203125,0.400076121091843,NA,1,NA
"617",-44.5,-9,2016,2,399.870025634766,0.570163160562515,0,2,0
"618",-44.5,-8.5,2016,2,399.5849609375,0.512199096381664,0,4,0
"619",-44.5,-2.5,2016,2,399.972625732422,0.395749577217632,0,18,0
"620",-44.25,-18,2015,2,393.962005615234,0.451085637013117,0,3,0
"621",-44.25,-11.5,2016,2,399.989379882812,0.415020018815994,NA,1,NA
"622",-44.25,-11.25,2016,2,399.854309082031,0.393838924355805,0,32,0
"623",-44.25,-11,2016,2,399.807250976562,0.383724017275704,0,54,0
"624",-44.25,-10.75,2016,2,400.078155517578,0.385070390999317,0,20,0
"625",-44.25,-10.5,2016,2,399.854858398438,0.440935951471329,0,5,0
"626",-44.25,-10.25,2016,2,399.402954101562,0.471217125654221,0,3,0
"627",-44.25,-10,2016,2,399.509704589844,0.433839663863182,0,6,0
"628",-44.25,-3.25,2016,2,401.103546142578,0.551516830921173,NA,1,NA
"629",-44,-20,2015,2,395.113128662109,0.444062918424606,0,3,0
"630",-44,-19.75,2015,2,395.255981445312,0.406840365380049,0,8,0
"631",-44,-19,2015,2,393.879577636719,0.631669461727142,NA,1,NA
"632",-44,-12.5,2016,2,398.256744384766,0.41325181722641,0,12,0
"633",-44,-12.25,2016,2,400.589782714844,0.444600604474545,0,4,0
"634",-44,-12,2016,2,397.986663818359,0.412599598890857,0,38,0
"635",-44,-11.75,2016,2,400.585815429688,0.392027537188222,0,62,0
"636",-44,-11.5,2016,2,400.503448486328,0.401316650535749,0,46,0
"637",-44,-11.25,2016,2,399.164794921875,0.393367702210391,0,27,0
"638",-43.75,-21,2015,2,396.579833984375,0.416035769801391,0,19,0
"639",-43.75,-20.75,2015,2,396.157562255859,0.431395109494527,0,15,0
"640",-43.75,-20,2015,2,396.370361328125,0.457372486591339,NA,1,NA
"641",-43.75,-13.75,2016,2,399.586853027344,0.406920316815376,0,10,0
"642",-43.75,-13.5,2016,2,399.637725830078,0.383914362300526,0,55,0
"643",-43.75,-13.25,2016,2,400.002746582031,0.399101717550246,0,61,0
"644",-43.75,-13,2016,2,399.380340576172,0.408930897325664,0,77,0
"645",-43.75,-12.75,2016,2,399.644195556641,0.406902144636427,0,70,0
"646",-43.75,-12.5,2016,2,399.061706542969,0.413124294951558,0,32,0
"647",-43.75,-12,2016,2,400.014953613281,0.354828685522079,NA,1,NA
"648",-43.75,-11.75,2016,2,399.651275634766,0.372897464036942,0,5,0
"649",-43.75,-6,2016,2,399.333679199219,0.398043937981129,0,4,0
"650",-43.75,-5,2016,2,400.307861328125,0.695613861083984,NA,1,NA
"651",-43.5,-22.25,2015,2,396.036529541016,0.405557014725425,0,11,0
"652",-43.5,-22,2015,2,396.467163085938,0.432909869230711,0,13,0
"653",-43.5,-21.75,2015,2,396.157196044922,0.4514024913311,0,5,0
"654",-43.5,-21.5,2015,2,397.152130126953,0.411001187562943,0,5,0
"655",-43.5,-21.25,2015,2,396.275329589844,0.421225503087044,0,6,0
"656",-43.5,-21,2015,2,396.303283691406,0.414810247146166,0,13,0
"657",-43.5,-14.75,2016,2,399.721527099609,0.424867656826973,0,20,0
"658",-43.5,-14.5,2016,2,400.452209472656,0.430911275847205,0,29,0
"659",-43.5,-14.25,2016,2,398.729949951172,0.388508814484326,0,67,0
"660",-43.5,-14,2016,2,400.515716552734,0.385785674951116,0,122,0
"661",-43.5,-13.75,2016,2,398.561553955078,0.380077240864436,0,105,0
"662",-43.5,-13.5,2016,2,399.602783203125,0.372017616262803,0,78,0
"663",-43.5,-13.25,2016,2,400.1357421875,0.367990830477248,0,47,0
"664",-43.5,-13,2016,2,399.932250976562,0.365585094690323,0,20,0
"665",-43.5,-7,2016,2,400.229705810547,0.372783650954564,0,6,0
"666",-43.5,-6.75,2016,2,399.453491210938,0.527473151683807,NA,1,NA
"667",-43.25,-23.5,2015,2,395.882873535156,0.327630236744881,0,2,0
"668",-43.25,-23.25,2015,2,396.407989501953,0.350671851209232,0,28,0
"669",-43.25,-22.75,2015,2,396.451965332031,0.365987852215767,0,24,0
"670",-43.25,-22.5,2015,2,396.244140625,0.408565340297563,0,14,0
"671",-43.25,-22.25,2015,2,396.72216796875,0.390970147791363,0,21,0
"672",-43.25,-15.75,2016,2,400.401458740234,0.523955722649892,0,3,0
"673",-43.25,-15.5,2016,2,400.58056640625,0.441421014341441,0,22,0
"674",-43.25,-15.25,2016,2,400.328125,0.393265030450291,0,54,0
"675",-43.25,-15,2016,2,401.257934570312,0.383156231564024,0,46,0
"676",-43.25,-14.75,2016,2,399.449432373047,0.367293411890666,0,75,0
"677",-43.25,-14.5,2016,2,401.040863037109,0.368880330908055,0,49,0
"678",-43.25,-14.25,2016,2,399.448303222656,0.339924531138462,0,46,0
"679",-43.25,-14,2016,2,401.337310791016,0.354339877764384,0,6,0
"680",-43.25,-8.5,2016,2,399.661560058594,0.370777279138565,NA,1,NA
"681",-43.25,-7.25,2016,2,400.241943359375,0.459986299276352,0,2,0
"682",-43,-23.5,2015,2,396.735626220703,0.315623056244206,0,37,0
"683",-43,-23.25,2015,2,396.623626708984,0.331089824438095,0,11,0
"684",-43,-23,2015,2,395.580291748047,0.409834513068199,0,10,0
"685",-43,-22.5,2015,2,396.030151367188,0.457008570432663,0,2,0
"686",-43,-17,2016,2,401.149566650391,0.483444362878799,NA,1,NA
"687",-43,-16.25,2016,2,400.743621826172,0.387217064698537,0,3,0
"688",-43,-16,2016,2,400.334411621094,0.377809357914058,0,22,0
"689",-43,-15.75,2016,2,401.042694091797,0.353154075595568,0,53,0
"690",-43,-15.5,2016,2,399.987884521484,0.359606778827207,0,58,0
"691",-43,-15.25,2016,2,400.493896484375,0.354574691165577,0,33,0
"692",-43,-10,2016,2,400.245391845703,0.426766484975815,0,3,0
"693",-43,-2.75,2016,2,400.958709716797,0.348384876784525,0,38,0
"694",-43,-2.5,2016,2,400.375915527344,0.277463308225075,0,48,0
"695",-42.75,-18.25,2016,2,402.575378417969,0.444944605231285,0,2,0
"696",-42.75,-17.5,2016,2,402.885375976562,0.404552721977234,0,5,0
"697",-42.75,-17.25,2016,2,403.89453125,0.427738475222741,0,31,0
"698",-42.75,-17,2016,2,402.304412841797,0.41215406358242,0,8,0
"699",-42.75,-16.75,2016,2,404.576995849609,0.418881624937057,0,4,0
"700",-42.75,-16.5,2016,2,400.803894042969,0.444217443466187,0,3,0
"701",-42.75,-10.75,2016,2,399.559631347656,0.382366637820783,0,23,0
"702",-42.75,-10.5,2016,2,401.019927978516,0.385814361128153,0,51,0
"703",-42.75,-10.25,2016,2,398.784606933594,0.370452070143074,0,64,0
"704",-42.75,-10,2016,2,399.669219970703,0.360115408416717,0,62,0
"705",-42.75,-9.75,2016,2,399.295318603516,0.369940181076527,0,60,0
"706",-42.75,-9.5,2016,2,401.318817138672,0.404996566474438,0,12,0
"707",-42.75,-3.75,2016,2,398.481811523438,0.388500049710274,0,2,0
"708",-42.75,-3.5,2015,2,396.025909423828,0.521927568647597,0,9,0
"709",-42.75,-3.5,2016,2,400.246643066406,0.375162518024445,0,5,0
"710",-42.75,-3,2015,2,396.972473144531,0.363618869334459,0,8,0
"711",-42.75,-2.75,2015,2,396.617309570312,0.352954909205437,0,64,0
"712",-42.5,-19,2016,2,401.392639160156,0.51013594865799,NA,1,NA
"713",-42.5,-18.5,2016,2,401.493774414062,0.458745246583765,0,11,0
"714",-42.5,-18.25,2016,2,399.408752441406,0.475179386138916,0,5,0
"715",-42.5,-17.75,2016,2,400.678588867188,0.412990905344486,0,4,0
"716",-42.5,-17.5,2016,2,401.814666748047,0.430989815129174,0,9,0
"717",-42.5,-11.5,2016,2,400.918579101562,0.500906154513359,0,6,0
"718",-42.5,-11.25,2016,2,402.396179199219,0.447703808546066,0,2,0
"719",-42.5,-11,2016,2,400.903961181641,0.407639938957837,0,49,0
"720",-42.5,-10.75,2016,2,399.962585449219,0.391638717668898,0,68,0
"721",-42.5,-10.5,2016,2,400.809112548828,0.354979471020077,0,23,0
"722",-42.5,-4.5,2016,2,401.026397705078,0.387846261262894,0,2,0
"723",-42.5,-4,2015,2,397.300201416016,0.492981698364019,0,16,0
"724",-42.25,-19.5,2016,2,402.356079101562,0.431439812978109,0,15,0
"725",-42.25,-19.25,2016,2,400.367980957031,0.421697109937668,0,2,0
"726",-42.25,-18.5,2016,2,399.895965576172,0.395743384957314,0,2,0
"727",-42.25,-12.75,2016,2,400.137145996094,0.457291201353073,0,25,0
"728",-42.25,-12.5,2016,2,401.550872802734,0.439558493594329,0,12,0
"729",-42.25,-12.25,2016,2,401.137634277344,0.446994406171143,0,32,0
"730",-42.25,-12,2016,2,400.901184082031,0.485154837369919,0,11,0
"731",-42.25,-11.75,2016,2,400.350036621094,0.440811616844601,0,45,0
"732",-42.25,-6.25,2016,2,399.953582763672,0.375437349081039,0,3,0
"733",-42.25,-6,2016,2,401.550933837891,0.375377833843231,NA,1,NA
"734",-42.25,-5.75,2016,2,400.702178955078,0.375882714986801,NA,1,NA
"735",-42.25,-5.25,2016,2,399.342926025391,0.346844953298569,0,5,0
"736",-42,-21.5,2016,2,402.095184326172,0.480473538239797,0,3,0
"737",-42,-21.25,2016,2,405.800201416016,0.497772805392742,0,4,0
"738",-42,-19.75,2016,2,400.951812744141,0.408591821789742,0,2,0
"739",-42,-19.5,2016,2,401.11474609375,0.438695445656776,0,2,0
"740",-42,-14,2016,2,401.189453125,0.357290662825108,0,8,0
"741",-42,-13.75,2016,2,401.28857421875,0.352177435388932,0,52,0
"742",-42,-13.5,2016,2,401.204925537109,0.434619763205128,0,31,0
"743",-42,-13.25,2016,2,399.638397216797,0.440029259948503,0,42,0
"744",-42,-13,2016,2,400.445739746094,0.456198263735998,0,21,0
"745",-42,-12.75,2016,2,400.164825439453,0.445189333275745,0,19,0
"746",-42,-7.5,2016,2,399.812438964844,0.487899892032146,0,4,0
"747",-42,-6.25,2016,2,400.007781982422,0.388884320855141,0,2,0
"748",-41.75,-21.25,2016,2,400.026153564453,0.46227432290713,0,9,0
"749",-41.75,-21,2016,2,400.695892333984,0.541975378990173,0,2,0
"750",-41.75,-15,2016,2,400.927154541016,0.411284016238319,0,9,0
"751",-41.75,-14.75,2016,2,400.844024658203,0.394580808069025,0,28,0
"752",-41.75,-14.5,2016,2,398.832794189453,0.382601872086525,0,32,0
"753",-41.75,-14.25,2016,2,400.087371826172,0.363464440460558,0,54,0
"754",-41.75,-14,2016,2,400.352813720703,0.353464425934686,0,45,0
"755",-41.75,-13.75,2016,2,399.365112304688,0.350849648316701,0,3,0
"756",-41.75,-8.5,2015,2,395.876983642578,0.552051827311516,0,12,0
"757",-41.75,-8.5,2016,2,400.864227294922,0.636997640132904,NA,1,NA
"758",-41.75,-8.25,2015,2,395.900451660156,0.605436110496521,0,15,0
"759",-41.75,-7.75,2016,2,399.173217773438,0.470781087875366,NA,1,NA
"760",-41.5,-22.25,2016,2,400.350494384766,0.507572650909424,NA,1,NA
"761",-41.5,-16,2016,2,399.314025878906,0.406058210778881,0,37,0
"762",-41.5,-15.75,2016,2,400.170471191406,0.410044821103414,0,15,0
"763",-41.5,-15.5,2016,2,399.126312255859,0.407809499502182,0,50,0
"764",-41.5,-15.25,2016,2,401.228179931641,0.409303830428557,0,11,0
"765",-41.5,-15,2016,2,401.919219970703,0.408807724714279,0,7,0
"766",-41.5,-9.75,2016,2,402.359344482422,0.358484615882238,0,6,0
"767",-41.5,-9.5,2016,2,402.153289794922,0.457356542348862,0,10,0
"768",-41.5,-9.25,2016,2,400.6611328125,0.499952760835489,0,24,0
"769",-41.5,-3,2015,2,395.716613769531,0.415940731142958,0,48,0
"770",-41.25,-17,2016,2,400.439849853516,0.43997248262167,0,4,0
"771",-41.25,-16.75,2016,2,400.162200927734,0.412238150835037,NA,1,NA
"772",-41.25,-16.5,2016,2,400.579010009766,0.394655391573906,0,4,0
"773",-41.25,-16.25,2016,2,401.270660400391,0.438485562801361,NA,1,NA
"774",-41.25,-16,2016,2,399.917205810547,0.393852060039838,0,6,0
"775",-41.25,-10.75,2016,2,401.214294433594,0.471957831613479,0,31,0
"776",-41.25,-10.5,2015,2,395.338928222656,0.604266136884689,0,4,0
"777",-41.25,-10.25,2015,2,395.622497558594,0.596165096759796,0,5,0
"778",-41.25,-9.75,2016,2,400.489654541016,0.373716465064457,0,7,0
"779",-41.25,-4,2015,2,394.903228759766,0.492418102920055,0,4,0
"780",-41.25,-3.75,2015,2,395.890380859375,0.506960928440094,NA,1,NA
"781",-41.25,-3.5,2015,2,395.922180175781,0.39442703127861,0,9,0
"782",-41,-18.25,2016,2,401.470886230469,0.491593052943548,0,3,0
"783",-41,-17.75,2015,2,395.043609619141,0.42299147695303,0,4,0
"784",-41,-17.75,2016,2,400.867767333984,0.401823595166206,0,2,0
"785",-41,-17.5,2016,2,401.168243408203,0.473510205745697,NA,1,NA
"786",-41,-11.75,2016,2,400.902465820312,0.494887238740921,0,5,0
"787",-41,-11.5,2016,2,399.766967773438,0.473273433390118,0,21,0
"788",-41,-11,2016,2,400.115234375,0.489094197750092,0,2,0
"789",-41,-5,2015,2,395.198211669922,0.464795991778374,0,4,0
"790",-41,-4.75,2015,2,395.184509277344,0.491994247624749,0,19,0
"791",-41,-4.5,2015,2,395.326599121094,0.471743530035019,0,10,0
"792",-40.75,-19,2016,2,403.158172607422,0.370247036218643,NA,1,NA
"793",-40.75,-13.25,2016,2,399.650299072266,0.384227312803268,0,25,0
"794",-40.75,-13,2016,2,398.996398925781,0.37435094723061,0,67,0
"795",-40.75,-12.75,2016,2,399.896789550781,0.420611568472602,0,55,0
"796",-40.75,-12.5,2015,2,396.052734375,0.431827425956726,NA,1,NA
"797",-40.75,-12.5,2016,2,400.565887451172,0.429950385608456,0,44,0
"798",-40.75,-12.25,2016,2,398.530242919922,0.465449082223993,0,19,0
"799",-40.5,-20.5,2015,2,395.784912109375,0.377103702588515,0,22,0
"800",-40.5,-20.5,2016,2,399.965209960938,0.349121382361964,0,19,0
"801",-40.5,-20.25,2016,2,399.504608154297,0.364154710219457,0,26,0
"802",-40.5,-20,2016,2,400.213226318359,0.403666188319524,0,3,0
"803",-40.5,-14.5,2016,2,399.909088134766,0.435282051563263,NA,1,NA
"804",-40.5,-14.25,2016,2,401.336639404297,0.448289290070534,0,2,0
"805",-40.5,-14,2016,2,399.445434570312,0.418754262583596,0,7,0
"806",-40.5,-13.75,2016,2,400.673828125,0.427639198044072,0,69,0
"807",-40.5,-13.5,2016,2,399.139739990234,0.429795241515551,0,112,0
"808",-40.5,-13.25,2016,2,399.990661621094,0.409788955003023,0,56,0
"809",-40.5,-7,2015,2,395.624572753906,0.395332078138987,0,36,0
"810",-40.5,-6.75,2015,2,394.833709716797,0.369144795835018,0,20,0
"811",-40.25,-15.5,2016,2,399.68408203125,0.376582386818799,0,11,0
"812",-40.25,-15.25,2016,2,401.489532470703,0.37946636043489,0,32,0
"813",-40.25,-15,2016,2,401.832672119141,0.423747810845574,0,48,0
"814",-40.25,-14.75,2015,2,394.846130371094,0.584491968154907,NA,1,NA
"815",-40.25,-14.75,2016,2,400.54931640625,0.442211680114269,0,4,0
"816",-40.25,-14.5,2016,2,400.8740234375,0.435908744412084,0,31,0
"817",-40.25,-14.25,2016,2,401.202667236328,0.388196417918572,0,39,0
"818",-40.25,-14,2016,2,400.257415771484,0.386545093620525,0,34,0
"819",-40.25,-13.75,2016,2,400.555938720703,0.40804880609115,0,12,0
"820",-40.25,-7.75,2015,2,395.128875732422,0.450309693813324,NA,1,NA
"821",-40.25,-7.5,2015,2,396.089965820312,0.453004509210587,NA,1,NA
"822",-40.25,-7.25,2015,2,396.268768310547,0.417703658342361,0,2,0
"823",-40.25,-7,2015,2,396.665008544922,0.354241050779819,0,4,0
"824",-40,-16.75,2016,2,399.633392333984,0.42420827349027,0,3,0
"825",-40,-16.5,2016,2,400.593536376953,0.380393229424953,0,40,0
"826",-40,-16.25,2016,2,399.202697753906,0.363335156330356,0,54,0
"827",-40,-16,2016,2,400.471954345703,0.347543443952288,0,49,0
"828",-40,-15.75,2015,2,394.828521728516,0.424179285764694,0,2,0
"829",-40,-15.75,2016,2,400.207153320312,0.36775283018748,0,27,0
"830",-40,-15.5,2016,2,400.299835205078,0.363701581954956,0,6,0
"831",-40,-9,2016,2,399.333679199219,0.397615987062454,0,5,0
"832",-40,-8.75,2016,2,400.076690673828,0.424780249595642,0,3,0
"833",-40,-8.5,2016,2,400.354064941406,0.448704227805138,0,2,0
"834",-40,-8.25,2016,2,400.340667724609,0.445887237787247,0,7,0
"835",-39.75,-17.5,2016,2,400.160003662109,0.446435297236723,0,17,0
"836",-39.75,-17.25,2016,2,401.06982421875,0.403159716725349,0,40,0
"837",-39.75,-17,2016,2,401.363006591797,0.398029478424687,0,59,0
"838",-39.75,-16.75,2016,2,398.6591796875,0.387431985139847,0,30,0
"839",-39.75,-16.5,2016,2,400.441589355469,0.395579725503922,NA,1,NA
"840",-39.75,-9.5,2016,2,397.95654296875,0.365880886713664,0,3,0
"841",-39.75,-9.25,2016,2,399.845153808594,0.381471668896468,0,23,0
"842",-39.75,-9,2016,2,400.135192871094,0.358926965792974,0,15,0
"843",-39.75,-3.25,2015,2,394.987457275391,0.370011074202401,0,7,0
"844",-39.75,-3,2016,2,400.452850341797,0.455881081521511,0,8,0
"845",-39.5,-18,2016,2,401.618530273438,0.449142817258835,0,25,0
"846",-39.5,-17.75,2016,2,400.625579833984,0.547428011894226,NA,1,NA
"847",-39.5,-17.5,2015,2,395.421783447266,0.459961851437887,0,3,0
"848",-39.5,-17.5,2016,2,400.728240966797,0.393139570951462,0,2,0
"849",-39.5,-17.25,2016,2,400.886535644531,0.420100106133355,0,9,0
"850",-39.5,-4.5,2015,2,395.453369140625,0.448146983981133,0,2,0
"851",-39.25,-13.25,2015,2,395.280975341797,0.48197595278422,0,18,0
"852",-39.25,-13.25,2016,2,403.403259277344,0.381769984960556,0,3,0
"853",-39.25,-13,2015,2,395.795104980469,0.492729348294875,0,34,0
"854",-39.25,-12.5,2015,2,394.593231201172,0.606490552425385,NA,1,NA
"855",-39.25,-6.25,2015,2,394.9775390625,0.511652534916287,0,42,0
"856",-39.25,-6,2015,2,393.980224609375,0.528291385749291,0,58,0
"857",-39.25,-5.75,2015,2,395.371185302734,0.544730369981967,0,19,0
"858",-39.25,-5.75,2016,2,402.230377197266,0.376145124435425,NA,1,NA
"859",-39.25,-4.75,2016,2,402.158569335938,0.365459399563926,0,7,0
"860",-39.25,-4,2016,2,402.541076660156,0.402427196502686,NA,1,NA
"861",-39,-14.5,2015,2,395.869201660156,0.340426847338676,0,2,0
"862",-39,-14.5,2016,2,402.540344238281,0.301550656557083,NA,1,NA
"863",-39,-14.25,2015,2,396.340637207031,0.354846665392751,0,23,0
"864",-39,-14.25,2016,2,402.244842529297,0.356669100125631,0,15,0
"865",-39,-14,2015,2,395.690704345703,0.431554624667534,0,13,0
"866",-39,-14,2016,2,401.769958496094,0.359376758337021,0,16,0
"867",-39,-13.75,2015,2,396.618255615234,0.541860997676849,NA,1,NA
"868",-39,-13.75,2016,2,402.14794921875,0.413321268558502,0,5,0
"869",-39,-13.5,2016,2,401.205993652344,0.390669986605644,0,2,0
"870",-39,-13.25,2016,2,402.244293212891,0.399568712711334,0,10,0
"871",-39,-13,2016,2,402.711669921875,0.36090974137187,0,8,0
"872",-39,-12.75,2016,2,402.879058837891,0.377646468579769,0,16,0
"873",-39,-7.5,2015,2,396.085998535156,0.477290890283055,0,18,0
"874",-39,-7.25,2015,2,396.326263427734,0.516420022481018,0,36,0
"875",-39,-6.5,2016,2,402.851684570312,0.350635953247547,0,4,0
"876",-39,-6.25,2016,2,401.178863525391,0.351381010734118,0,13,0
"877",-39,-6,2016,2,402.721313476562,0.579369684060415,0,3,0
"878",-39,-5.75,2016,2,402.228790283203,0.378843456506729,NA,1,NA
"879",-38.75,-14.5,2016,2,402.393402099609,0.341695830225945,0,4,0
"880",-38.75,-8.75,2015,2,395.83740234375,0.3599490493536,0,10,0
"881",-38.75,-8.5,2015,2,395.711151123047,0.432769174161165,0,23,0
"882",-38.75,-8.25,2015,2,396.586242675781,0.480751565984778,0,37,0
"883",-38.75,-8.25,2016,2,401.865570068359,0.405498477319876,0,12,0
"884",-38.75,-8,2015,2,396.390991210938,0.472762803668561,0,69,0
"885",-38.75,-8,2016,2,401.899291992188,0.380566378754954,0,62,0
"886",-38.75,-7.75,2015,2,396.620483398438,0.488451135331306,0,69,0
"887",-38.75,-7.75,2016,2,402.798980712891,0.400903989161764,0,14,0
"888",-38.75,-7.5,2015,2,397.060638427734,0.497849280635516,0,18,0
"889",-38.75,-7.5,2016,2,402.726043701172,0.392256089619228,0,7,0
"890",-38.75,-7.25,2016,2,402.913452148438,0.443551560242971,0,3,0
"891",-38.5,-9.75,2015,2,396.095092773438,0.433655567859349,0,19,0
"892",-38.5,-9.5,2015,2,396.001159667969,0.415406666696072,0,12,0
"893",-38.5,-9.5,2016,2,403.055053710938,0.360201895236969,NA,1,NA
"894",-38.5,-9.25,2016,2,403.010711669922,0.351737481175047,0,33,0
"895",-38.5,-9,2015,2,396.034606933594,0.36546765267849,0,2,0
"896",-38.5,-9,2016,2,402.730072021484,0.345036009947459,0,45,0
"897",-38.5,-8.75,2015,2,396.522399902344,0.347209378525063,0,27,0
"898",-38.5,-8.75,2016,2,402.674224853516,0.364672984927893,0,56,0
"899",-38.5,-8.5,2016,2,403.294464111328,0.364169791988705,0,69,0
"900",-38.5,-8.25,2016,2,401.80859375,0.390809333883226,0,64,0
"901",-38.5,-8,2016,2,402.868530273438,0.403727316856384,0,5,0
"902",-38.25,-10.75,2015,2,396.233032226562,0.432607769966125,0,6,0
"903",-38.25,-10.5,2015,2,396.506591796875,0.43154680232207,0,12,0
"904",-38.25,-10,2015,2,396.569091796875,0.420968522799426,0,58,0
"905",-38.25,-10,2016,2,402.990844726562,0.417741388082504,NA,1,NA
"906",-38.25,-9.75,2015,2,396.33740234375,0.477058079312829,0,17,0
"907",-38.25,-9.75,2016,2,402.289001464844,0.357340686519941,0,30,0
"908",-38.25,-9.5,2016,2,402.400970458984,0.355761074884371,0,44,0
"909",-38.25,-9.25,2016,2,402.194274902344,0.355355916838897,0,19,0
"910",-38,-12,2015,2,396.281433105469,0.412708848714828,NA,1,NA
"911",-38,-11.75,2015,2,396.450653076172,0.430811400214831,0,12,0
"912",-38,-11.5,2015,2,396.820098876953,0.436880672261828,0,21,0
"913",-38,-11.25,2015,2,396.325164794922,0.423263674974442,0,5,0
"914",-38,-10.75,2016,2,402.481750488281,0.385186910629272,NA,1,NA
"915",-38,-10.5,2015,2,396.821166992188,0.560536235570908,0,2,0
"916",-38,-10.25,2015,2,396.609832763672,0.532184541225433,0,2,0
"917",-38,-4.5,2016,2,402.900299072266,0.362823961746125,0,21,0
"918",-37.75,-12.5,2015,2,397.270874023438,0.331832085494642,0,54,0
"919",-37.75,-12.5,2016,2,402.481597900391,0.321045168808528,0,56,0
"920",-37.75,-12.25,2015,2,396.256378173828,0.360786200811466,0,24,0
"921",-37.75,-12.25,2016,2,403.043334960938,0.334849374492963,0,60,0
"922",-37.75,-12,2015,2,395.373291015625,0.426907390356064,NA,1,NA
"923",-37.75,-12,2016,2,402.203399658203,0.391654056807359,0,12,0
"924",-37.75,-11.75,2016,2,402.14599609375,0.402714945375919,0,4,0
"925",-37.75,-11.5,2016,2,402.593292236328,0.379325268899693,0,17,0
"926",-37.75,-5.5,2016,2,402.755584716797,0.353596895933151,0,2,0
"927",-37.75,-5.25,2015,2,396.665100097656,0.47899662884506,0,37,0
"928",-37.75,-5,2015,2,396.479827880859,0.414776270428012,0,31,0
"929",-37.75,-4.75,2015,2,396.867889404297,0.406723767518997,0,3,0
"930",-37.75,-4.75,2016,2,402.328582763672,0.35775371392568,0,6,0
"931",-37.75,-4.5,2015,2,396.211273193359,0.36114501953125,0,4,0
"932",-37.75,-4.5,2016,2,402.505310058594,0.358172755210828,0,39,0
"933",-37.5,-6.75,2016,2,402.099090576172,0.373795485631986,0,44,0
"934",-37.5,-6.5,2015,2,395.274505615234,0.401920229196548,NA,1,NA
"935",-37.5,-6.5,2016,2,402.428039550781,0.365740801852483,0,52,0
"936",-37.5,-6.25,2016,2,403.089874267578,0.390087805914156,0,33,0
"937",-37.5,-6,2016,2,402.790679931641,0.370699909139187,0,47,0
"938",-37.5,-5.75,2016,2,403.478607177734,0.359723891530718,0,7,0
"939",-37.25,-8,2016,2,402.870971679688,0.491848388686776,0,16,0
"940",-37.25,-7.75,2015,2,397.221984863281,0.438351478746959,0,35,0
"941",-37.25,-7.75,2016,2,402.649505615234,0.495060983631346,0,18,0
"942",-37.25,-7.5,2015,2,397.041259765625,0.436154514551163,0,58,0
"943",-37.25,-7.5,2016,2,402.927490234375,0.424857825413346,0,80,0
"944",-37.25,-7.25,2015,2,397.295166015625,0.440881012117161,0,51,0
"945",-37.25,-7.25,2016,2,401.828582763672,0.37698844119684,0,67,0
"946",-37.25,-7,2015,2,396.771484375,0.366540239615874,0,66,0
"947",-37.25,-7,2016,2,402.717559814453,0.371383502086004,0,75,0
"948",-37.25,-6.75,2015,2,397.761596679688,0.401528199131672,0,26,0
"949",-37.25,-6.75,2016,2,403.002563476562,0.379897071421146,0,20,0
"950",-37,-9,2015,2,396.529663085938,0.456733644008636,0,2,0
"951",-37,-8.5,2015,2,396.786285400391,0.472566664218903,0,3,0
"952",-37,-8.25,2015,2,397.028137207031,0.457338512688875,0,40,0
"953",-37,-8,2015,2,397.056945800781,0.46034581639937,0,28,0
"954",-37,-8,2016,2,402.786895751953,0.489308625459671,0,20,0
"955",-37,-7.75,2015,2,396.662475585938,0.473369499047597,0,3,0
"956",-37,-7.5,2016,2,402.910858154297,0.52920725941658,0,2,0
"957",-36.75,-10,2016,2,402.441925048828,0.400739379227161,0,12,0
"958",-36.75,-9.5,2015,2,396.637237548828,0.497133240103722,0,12,0
"959",-36.75,-9.25,2015,2,397.396179199219,0.493348037824035,0,16,0
"960",-36.75,-9,2015,2,397.383911132812,0.475015938282013,0,6,0
"961",-36.25,-5.75,2015,2,396.813781738281,0.475470807817247,0,9,0
"962",-36.25,-5.5,2015,2,396.498779296875,0.498510859906673,0,4,0
"963",-36,-6.25,2015,2,396.974487304688,0.641784876585007,0,2,0
"964",-35.75,-8.25,2015,2,396.923187255859,0.466342002153397,NA,1,NA
"965",-35.75,-7.75,2016,2,401.847381591797,0.382634624838829,0,6,0
"966",-35.5,-9.25,2015,2,395.430816650391,0.419811646143595,0,12,0
"967",-35.5,-9,2015,2,395.689422607422,0.461024820804596,NA,1,NA
"968",-35.5,-8.25,2015,2,397.459991455078,0.516919553279877,0,2,0
"969",-35.5,-8.25,2016,2,401.447723388672,0.359482268492381,0,3,0
"970",-35.5,-7.75,2016,2,401.368469238281,0.368327657381694,0,6,0
"971",-35.25,-9,2016,2,400.881591796875,0.377378661008108,0,42,0
"972",-35.25,-8.75,2016,2,401.530548095703,0.370840844511986,0,10,0
"973",-35.25,-8.5,2016,2,402.073303222656,0.478739768266678,NA,1,NA
